order_id;date;status;shipping;shipping_cost;"product_code 1";"product_name 1";"product_discount 1";"product_price 1";"product_quantity 1";"product_value 1";"product_code 2";"product_name 2";"product_discount 2";"product_price 2";"product_quantity 2";"product_value 2";"product_code 3";"product_name 3";"product_discount 3";"product_price 3";"product_quantity 3";"product_value 3";"product_code 4";"product_name 4";"product_discount 4";"product_price 4";"product_quantity 4";"product_value 4";"product_code 5";"product_name 5";"product_discount 5";"product_price 5";"product_quantity 5";"product_value 5";"product_code 6";"product_name 6";"product_discount 6";"product_price 6";"product_quantity 6";"product_value 6";"product_code 7";"product_name 7";"product_discount 7";"product_price 7";"product_quantity 7";"product_value 7";"product_code 8";"product_name 8";"product_discount 8";"product_price 8";"product_quantity 8";"product_value 8";"product_code 9";"product_name 9";"product_discount 9";"product_price 9";"product_quantity 9";"product_value 9";"product_code 10";"product_name 10";"product_discount 10";"product_price 10";"product_quantity 10";"product_value 10";"product_code 11";"product_name 11";"product_discount 11";"product_price 11";"product_quantity 11";"product_value 11";"product_code 12";"product_name 12";"product_discount 12";"product_price 12";"product_quantity 12";"product_value 12";"product_code 13";"product_name 13";"product_discount 13";"product_price 13";"product_quantity 13";"product_value 13";"product_code 14";"product_name 14";"product_discount 14";"product_price 14";"product_quantity 14";"product_value 14";"product_code 15";"product_name 15";"product_discount 15";"product_price 15";"product_quantity 15";"product_value 15";"product_code 16";"product_name 16";"product_discount 16";"product_price 16";"product_quantity 16";"product_value 16";"product_code 17";"product_name 17";"product_discount 17";"product_price 17";"product_quantity 17";"product_value 17";"product_code 18";"product_name 18";"product_discount 18";"product_price 18";"product_quantity 18";"product_value 18";"product_code 19";"product_name 19";"product_discount 19";"product_price 19";"product_quantity 19";"product_value 19";"product_code 20";"product_name 20";"product_discount 20";"product_price 20";"product_quantity 20";"product_value 20";"product_code 21";"product_name 21";"product_discount 21";"product_price 21";"product_quantity 21";"product_value 21";"product_code 22";"product_name 22";"product_discount 22";"product_price 22";"product_quantity 22";"product_value 22";sum
5509;"2018-05-14 00:10:53";reklamowane;"Kurier InPost";0.00;9788380433502;"Biblia domowa z obwolutą Matka Boska z Lourdes - 160. rocznica objawień  w Lourdes";0.0000;55.00;1;55;590336013451;"O polskich świętych dzieciom. Pamiątka I Komunii Świętej";0.0000;29.90;1;29.9;9788377977859;"Niezwykła Uczta (dla dziewczynki). Album z kopertą Pamiątka I Komunii";0.0000;9.95;1;9.95;9788375699029;"Objawienia Maryjne. Fatima, Guadalupe, Lourdes.  Książka z filmem.";0.0000;14.90;1;14.9;;;;;;;;;;;;;;;;;;;;;;;;;;;;;;;;;;;;;;;;;;;;;;;;;;;;;;;;;;;;;;;;;;;;;;;;;;;;;;;;;;;;;;;;;;;;;;;;;;;;;;;;;;;;;109.75
5510;"2018-05-14 01:18:07";"PRZESYŁKA WYSŁANA";"Kurier InPost";0.00;9788380430549;"Pakiet dla Dzieci. Biblia i Historia Stworzenia. Komiks.";0.0000;69.00;1;69;9788365847799;"Dekalog. Prawdziwa droga w czasach zamętu. ks. Piotr Glas, Tomasz P. Terlikowski. ";0.0000;20.90;1;20.9;9788363621360;"Jezus mówi do ciebie. Sarah Young";0.0000;20.90;1;20.9;;;;;;;;;;;;;;;;;;;;;;;;;;;;;;;;;;;;;;;;;;;;;;;;;;;;;;;;;;;;;;;;;;;;;;;;;;;;;;;;;;;;;;;;;;;;;;;;;;;;;;;;;;;;;;;;;;;110.80
5511;"2018-05-14 07:20:42";"PRZESYŁKA WYSŁANA";"Kurier InPost";0.00;9788370143572_16;"Pismo Święte - skóra ecru, paginacja, okucia. Grawer gratis [ Grawer Gratis.: nie; Drugi grawer (płatny): tak ]";0.0000;207.00;1;207;;;;;;;;;;;;;;;;;;;;;;;;;;;;;;;;;;;;;;;;;;;;;;;;;;;;;;;;;;;;;;;;;;;;;;;;;;;;;;;;;;;;;;;;;;;;;;;;;;;;;;;;;;;;;;;;;;;;;;;;;;;;;;;207.00
5512;"2018-05-14 07:59:32";"PRZESYŁKA WYSŁANA";"Kurier InPost";11.00;9788376607849;"Pamiątka mojej Pierwszej Komunii Świętej (komplet 2 książek w etui)";0.0000;28.90;2;57.8;;;;;;;;;;;;;;;;;;;;;;;;;;;;;;;;;;;;;;;;;;;;;;;;;;;;;;;;;;;;;;;;;;;;;;;;;;;;;;;;;;;;;;;;;;;;;;;;;;;;;;;;;;;;;;;;;;;;;;;;;;;;;;;68.80
5513;"2018-05-14 08:16:31";"PRZESYŁKA WYSŁANA";"Kurier InPost";0.00;15071;"Biblia z kolorową wkładką - oprawa miękka, skóra w kolorze ecru. Paginatory.";10.0000;120.00;2;216;13522;"Grawer bezpośrednio na skórze. Indywidualna dedykacja na Pismach oprawionych w Skórę.";10.0000;12.00;3;32.4;;;;;;;;;;;;;;;;;;;;;;;;;;;;;;;;;;;;;;;;;;;;;;;;;;;;;;;;;;;;;;;;;;;;;;;;;;;;;;;;;;;;;;;;;;;;;;;;;;;;;;;;;;;;;;;;;;;;;;;;;248.40
5514;"2018-05-14 09:33:55";"PRZESYŁKA WYSŁANA";"Kurier DHL";14.00;9788365889386;"Marcelino Chleb i Wino ( Książka + DVD)";0.0000;21.90;1;21.9;;;;;;;;;;;;;;;;;;;;;;;;;;;;;;;;;;;;;;;;;;;;;;;;;;;;;;;;;;;;;;;;;;;;;;;;;;;;;;;;;;;;;;;;;;;;;;;;;;;;;;;;;;;;;;;;;;;;;;;;;;;;;;;35.90
5516;"2018-05-14 10:33:05";"Odebrane Osobiście";"odbiór osobisty";0.00;9788374249157;"Pismo Święte Stary i Nowy Testament. Duży format. Paginatory";0.0000;89.90;1;89.9;;;;;;;;;;;;;;;;;;;;;;;;;;;;;;;;;;;;;;;;;;;;;;;;;;;;;;;;;;;;;;;;;;;;;;;;;;;;;;;;;;;;;;;;;;;;;;;;;;;;;;;;;;;;;;;;;;;;;;;;;;;;;;;89.90
5517;"2018-05-14 10:38:37";"PRZESYŁKA WYSŁANA";Paczkomaty;0.00;2179;"Pakiet Alicja Lenczewska. Świadectwo. Dziennik Duchowy. Słowo Pouczenia.";0.0000;79.90;2;159.8;9788364774386;"Świadectwo. Dziennik duchowy.  Alicja Lenczewska.";0.0000;0.00;1;0;9788364774447;"Słowo pouczenia.  Alicja Lenczewska. ";0.0000;0.00;1;0;;;;;;;;;;;;;;;;;;;;;;;;;;;;;;;;;;;;;;;;;;;;;;;;;;;;;;;;;;;;;;;;;;;;;;;;;;;;;;;;;;;;;;;;;;;;;;;;;;;;;;;;;;;;;;;;;;;159.80
5518;"2018-05-14 10:51:46";"PRZESYŁKA WYSŁANA";Paczkomaty;0.00;9788380430549;"Pakiet dla Dzieci. Biblia i Historia Stworzenia. Komiks.";0.0000;69.00;2;138;;;;;;;;;;;;;;;;;;;;;;;;;;;;;;;;;;;;;;;;;;;;;;;;;;;;;;;;;;;;;;;;;;;;;;;;;;;;;;;;;;;;;;;;;;;;;;;;;;;;;;;;;;;;;;;;;;;;;;;;;;;;;;;138.00
5519;"2018-05-14 13:18:29";"PRZESYŁKA WYSŁANA";Paczkomaty;8.50;9788380430549;"Pakiet dla Dzieci. Biblia i Historia Stworzenia. Komiks.";0.0000;69.00;1;69;;;;;;;;;;;;;;;;;;;;;;;;;;;;;;;;;;;;;;;;;;;;;;;;;;;;;;;;;;;;;;;;;;;;;;;;;;;;;;;;;;;;;;;;;;;;;;;;;;;;;;;;;;;;;;;;;;;;;;;;;;;;;;;77.50
5520;"2018-05-14 13:25:53";"PRZESYŁKA WYSŁANA";"Kurier InPost";9.90;2178;"Pamiątka Komunii Świętej komplet książek. Torba,  kartka, film DVD w zestawie.";0.0000;44.90;1;44.9;9788376607849;"Pamiątka mojej Pierwszej Komunii Świętej (komplet 2 książek w etui)";0.0000;0.00;1;0;"HM 100_667_KOM6";"Karnet Pamiątka Pierwszej Komunii Świętej  ( 6 )";0.0000;0.00;1;0;5906764089822;"Torba prezentowa. Pierwsza Komunia Święta. Mała";0.0000;0.00;1;0;"HM 100_720_KOM2";"Karnet Pamiątka Pierwszej Komunii Świętej ( 2 )";0.0000;7.50;1;7.5;"HM 100_725_ KOM1";"Karnet Pamiątka Pierwszej Komunii Świętej ( 1 )";0.0000;7.50;1;7.5;5902020688174;"Torba prezentowa. Pierwsza Komunia Święta. Duża";0.0000;4.50;1;4.5;;;;;;;;;;;;;;;;;;;;;;;;;;;;;;;;;;;;;;;;;;;;;;;;;;;;;;;;;;;;;;;;;;;;;;;;;;;;;;;;;;;;;;;;;;;74.30
5521;"2018-05-14 16:39:56";"PRZESYŁKA WYSŁANA";"InPost Kurier";0.00;7676_2;"Biblia dla małżonków. Skóra, okucia, złocenia, etui. Pamiątka Ślubu. Grawer gratis.";5.0000;195.00;1;185.25;;;;;;;;;;;;;;;;;;;;;;;;;;;;;;;;;;;;;;;;;;;;;;;;;;;;;;;;;;;;;;;;;;;;;;;;;;;;;;;;;;;;;;;;;;;;;;;;;;;;;;;;;;;;;;;;;;;;;;;;;;;;;;;185.25
5522;"2018-05-14 17:43:52";"PRZESYŁKA WYSŁANA";"InPost Kurier";11.00;9788364855573;"Czarny Humor- czyli o Kościele na wesoło.";5.0000;33.00;1;31.35;1896;"Czarny humor 2 ks. Piotr Pawlukiewicz & ks. Bogusław Kowalski";5.0000;33.00;1;31.35;;;;;;;;;;;;;;;;;;;;;;;;;;;;;;;;;;;;;;;;;;;;;;;;;;;;;;;;;;;;;;;;;;;;;;;;;;;;;;;;;;;;;;;;;;;;;;;;;;;;;;;;;;;;;;;;;;;;;;;;;73.70
5523;"2018-05-14 19:34:47";"PRZESYŁKA WYSŁANA";"Kurier InPost";11.00;8783-3;"Różaniec bursztynowy na sznurku. Krzyż bursztynowy";0.0000;95.00;1;95;;;;;;;;;;;;;;;;;;;;;;;;;;;;;;;;;;;;;;;;;;;;;;;;;;;;;;;;;;;;;;;;;;;;;;;;;;;;;;;;;;;;;;;;;;;;;;;;;;;;;;;;;;;;;;;;;;;;;;;;;;;;;;;106.00
5524;"2018-05-14 19:43:41";"PRZESYŁKA WYSŁANA";"Kurier InPost";0.00;9788374249157;"Pismo Święte Stary i Nowy Testament. Duży format. Paginatory";0.0000;89.90;1;89.9;9788370143572B;"Biblia Tysiąclecia - format oazowy - oprawa skóra błękitna - paginowana";0.0000;130.00;1;130;;;;;;;;;;;;;;;;;;;;;;;;;;;;;;;;;;;;;;;;;;;;;;;;;;;;;;;;;;;;;;;;;;;;;;;;;;;;;;;;;;;;;;;;;;;;;;;;;;;;;;;;;;;;;;;;;;;;;;;;;219.90
5525;"2018-05-14 20:47:54";"PRZESYŁKA WYSŁANA";"Kurier InPost";9.90;9788380430549;"Pakiet dla Dzieci. Biblia i Historia Stworzenia. Komiks.";0.0000;69.00;1;69;;;;;;;;;;;;;;;;;;;;;;;;;;;;;;;;;;;;;;;;;;;;;;;;;;;;;;;;;;;;;;;;;;;;;;;;;;;;;;;;;;;;;;;;;;;;;;;;;;;;;;;;;;;;;;;;;;;;;;;;;;;;;;;78.90
5526;"2018-05-14 20:53:53";"PRZESYŁKA WYSŁANA";"Kurier DHL";18.00;9788376607849;"Pamiątka mojej Pierwszej Komunii Świętej (komplet 2 książek w etui)";0.0000;28.90;3;86.7;;;;;;;;;;;;;;;;;;;;;;;;;;;;;;;;;;;;;;;;;;;;;;;;;;;;;;;;;;;;;;;;;;;;;;;;;;;;;;;;;;;;;;;;;;;;;;;;;;;;;;;;;;;;;;;;;;;;;;;;;;;;;;;104.70
5527;"2018-05-14 21:13:11";"PRZESYŁKA WYSŁANA";Paczkomaty;8.50;2157;"Dwie Korony. Książka z filmem DVD";0.0000;26.90;1;26.9;;;;;;;;;;;;;;;;;;;;;;;;;;;;;;;;;;;;;;;;;;;;;;;;;;;;;;;;;;;;;;;;;;;;;;;;;;;;;;;;;;;;;;;;;;;;;;;;;;;;;;;;;;;;;;;;;;;;;;;;;;;;;;;35.40
5528;"2018-05-14 21:26:47";"PRZESYŁKA WYSŁANA";"Kurier InPost";0.00;9788374249157;"Pismo Święte Stary i Nowy Testament. Duży format. Paginatory";0.0000;89.90;2;179.8;;;;;;;;;;;;;;;;;;;;;;;;;;;;;;;;;;;;;;;;;;;;;;;;;;;;;;;;;;;;;;;;;;;;;;;;;;;;;;;;;;;;;;;;;;;;;;;;;;;;;;;;;;;;;;;;;;;;;;;;;;;;;;;179.80
5529;"2018-05-14 21:29:28";"PRZESYŁKA WYSŁANA";"Kurier InPost";0.00;15071;"Biblia z kolorową wkładką - oprawa miękka, skóra w kolorze ecru. Paginatory. [ Grawer na przedzie Pisma Świętego: tak; Grawer na tyle Pisma Świętego: nie ]";0.0000;132.00;1;132;;;;;;;;;;;;;;;;;;;;;;;;;;;;;;;;;;;;;;;;;;;;;;;;;;;;;;;;;;;;;;;;;;;;;;;;;;;;;;;;;;;;;;;;;;;;;;;;;;;;;;;;;;;;;;;;;;;;;;;;;;;;;;;132.00
5531;"2018-05-14 22:21:14";"PRZESYŁKA WYSŁANA";"Kurier InPost";9.90;2178;"Pamiątka Komunii Świętej komplet książek. Torba,  kartka, film DVD w zestawie.";0.0000;44.90;1;44.9;9788376607849;"Pamiątka mojej Pierwszej Komunii Świętej (komplet 2 książek w etui)";0.0000;0.00;1;0;"HM 100_667_KOM6";"Karnet Pamiątka Pierwszej Komunii Świętej  ( 6 )";0.0000;0.00;1;0;5906764089822;"Torba prezentowa. Pierwsza Komunia Święta. Mała";0.0000;0.00;1;0;;;;;;;;;;;;;;;;;;;;;;;;;;;;;;;;;;;;;;;;;;;;;;;;;;;;;;;;;;;;;;;;;;;;;;;;;;;;;;;;;;;;;;;;;;;;;;;;;;;;;;;;;;;;;54.80
5532;"2018-05-14 22:45:28";złożone;"Poczta Polska";14.00;2178;"Pamiątka Komunii Świętej komplet książek. Torba,  kartka, film DVD w zestawie.";0.0000;44.90;1;44.9;9788376607849;"Pamiątka mojej Pierwszej Komunii Świętej (komplet 2 książek w etui)";0.0000;0.00;1;0;"HM 100_667_KOM6";"Karnet Pamiątka Pierwszej Komunii Świętej  ( 6 )";0.0000;0.00;1;0;5906764089822;"Torba prezentowa. Pierwsza Komunia Święta. Mała";0.0000;0.00;1;0;;;;;;;;;;;;;;;;;;;;;;;;;;;;;;;;;;;;;;;;;;;;;;;;;;;;;;;;;;;;;;;;;;;;;;;;;;;;;;;;;;;;;;;;;;;;;;;;;;;;;;;;;;;;;58.90
5533;"2018-05-14 22:51:17";"PRZESYŁKA WYSŁANA";"Kurier InPost";9.90;6330;"O naśladowaniu Chrystusa. Kempis";0.0000;12.90;1;12.9;9788375804843;" Żyć w uwielbieniu. Bernard Georges";0.0000;26.50;1;26.5;;;;;;;;;;;;;;;;;;;;;;;;;;;;;;;;;;;;;;;;;;;;;;;;;;;;;;;;;;;;;;;;;;;;;;;;;;;;;;;;;;;;;;;;;;;;;;;;;;;;;;;;;;;;;;;;;;;;;;;;;49.30
5534;"2018-05-14 22:51:20";"PRZESYŁKA WYSŁANA";"Kurier InPost";11.00;2178;"Pamiątka Komunii Świętej komplet książek. Torba,  kartka, film DVD w zestawie.";0.0000;44.90;1;44.9;9788376607849;"Pamiątka mojej Pierwszej Komunii Świętej (komplet 2 książek w etui)";0.0000;0.00;1;0;"HM 100_667_KOM6";"Karnet Pamiątka Pierwszej Komunii Świętej  ( 6 )";0.0000;0.00;1;0;5906764089822;"Torba prezentowa. Pierwsza Komunia Święta. Mała";0.0000;0.00;1;0;;;;;;;;;;;;;;;;;;;;;;;;;;;;;;;;;;;;;;;;;;;;;;;;;;;;;;;;;;;;;;;;;;;;;;;;;;;;;;;;;;;;;;;;;;;;;;;;;;;;;;;;;;;;;55.90
5535;"2018-05-14 23:25:11";"PRZESYŁKA WYSŁANA";"Kurier InPost";0.00;9788380430549;"Pakiet dla Dzieci. Biblia i Historia Stworzenia. Komiks.";10.0000;69.00;1;62.1;9788370143572;"Biblia Tysiąclecia - format oazowy - oprawa twarda";10.0000;54.00;1;48.6;8838;"Ikona Maryja niosąca Ducha Świętego. Pneumatofora. Mini [ Grawer na płytce.: nie ]";10.0000;39.00;1;35.1;1310;"Grawer na płytce do obrazków, prezentów, upominków.";10.0000;10.00;1;9;;;;;;;;;;;;;;;;;;;;;;;;;;;;;;;;;;;;;;;;;;;;;;;;;;;;;;;;;;;;;;;;;;;;;;;;;;;;;;;;;;;;;;;;;;;;;;;;;;;;;;;;;;;;;154.80
5536;"2018-05-14 23:41:47";"PRZESYŁKA WYSŁANA";"Kurier InPost";0.00;9788370143572PR;"Biblia Tysiąclecia - format oazowy - oprawa skóra pudrowy róż - paginowana [ Grawer na przedzie Pisma Świętego: tak; Grawer na tyle Pisma Świętego: tak ]";0.0000;154.00;1;154;;;;;;;;;;;;;;;;;;;;;;;;;;;;;;;;;;;;;;;;;;;;;;;;;;;;;;;;;;;;;;;;;;;;;;;;;;;;;;;;;;;;;;;;;;;;;;;;;;;;;;;;;;;;;;;;;;;;;;;;;;;;;;;154.00
5537;"2018-05-14 23:45:11";"PRZESYŁKA WYSŁANA";Paczkomaty;8.50;4419;"Rytuał Domowy. Rok rodziny katolickiej";0.0000;59.00;1;59;;;;;;;;;;;;;;;;;;;;;;;;;;;;;;;;;;;;;;;;;;;;;;;;;;;;;;;;;;;;;;;;;;;;;;;;;;;;;;;;;;;;;;;;;;;;;;;;;;;;;;;;;;;;;;;;;;;;;;;;;;;;;;;67.50
5538;"2018-05-15 00:03:26";"PRZESYŁKA WYSŁANA";Paczkomaty;8.50;9788380430549;"Pakiet dla Dzieci. Biblia i Historia Stworzenia. Komiks.";0.0000;69.00;1;69;;;;;;;;;;;;;;;;;;;;;;;;;;;;;;;;;;;;;;;;;;;;;;;;;;;;;;;;;;;;;;;;;;;;;;;;;;;;;;;;;;;;;;;;;;;;;;;;;;;;;;;;;;;;;;;;;;;;;;;;;;;;;;;77.50
5539;"2018-05-15 06:25:17";"PRZESYŁKA WYSŁANA";"Kurier InPost";9.90;9788364774607;"Świadectwo. Dziennik duchowy.  Alicja Lenczewska. Oprawa miękka. Format kieszonkowy.";0.0000;20.90;1;20.9;;;;;;;;;;;;;;;;;;;;;;;;;;;;;;;;;;;;;;;;;;;;;;;;;;;;;;;;;;;;;;;;;;;;;;;;;;;;;;;;;;;;;;;;;;;;;;;;;;;;;;;;;;;;;;;;;;;;;;;;;;;;;;;30.80
5540;"2018-05-15 08:34:21";"PRZESYŁKA WYSŁANA";"Kurier InPost";0.00;9788380430549;"Pakiet dla Dzieci. Biblia i Historia Stworzenia. Komiks.";0.0000;69.00;3;207;;;;;;;;;;;;;;;;;;;;;;;;;;;;;;;;;;;;;;;;;;;;;;;;;;;;;;;;;;;;;;;;;;;;;;;;;;;;;;;;;;;;;;;;;;;;;;;;;;;;;;;;;;;;;;;;;;;;;;;;;;;;;;;207.00
5541;"2018-05-15 10:12:16";reklamowane;"InPost Kurier";0.00;8841;"Ikona Jezus Dobry pasterz. Mała";5.0000;65.00;2;123.5;1310;"Grawer na płytce do obrazków, prezentów, upominków.";5.0000;10.00;2;19;10172;"Ikona Twojego patrona - św. Krzysztof";5.0000;10.00;1;9.5;;;;;;;;;;;;;;;;;;;;;;;;;;;;;;;;;;;;;;;;;;;;;;;;;;;;;;;;;;;;;;;;;;;;;;;;;;;;;;;;;;;;;;;;;;;;;;;;;;;;;;;;;;;;;;;;;;;152.00
5542;"2018-05-15 10:18:51";"PRZESYŁKA WYSŁANA";"Kurier InPost";9.90;590722742020;"Anielskie Krówki. Opakowanie 225g";0.0000;12.90;2;25.8;590336013451;"O polskich świętych dzieciom. Pamiątka I Komunii Świętej";0.0000;29.90;1;29.9;;;;;;;;;;;;;;;;;;;;;;;;;;;;;;;;;;;;;;;;;;;;;;;;;;;;;;;;;;;;;;;;;;;;;;;;;;;;;;;;;;;;;;;;;;;;;;;;;;;;;;;;;;;;;;;;;;;;;;;;;65.60
5543;"2018-05-15 11:11:45";"PRZESYŁKA WYSŁANA";"Kurier InPost";0.00;9788380430549;"Pakiet dla Dzieci. Biblia i Historia Stworzenia. Komiks.";0.0000;69.00;1;69;9788374248594;"Mała Biblia dla małych dzieci";0.0000;31.90;1;31.9;9788393685035;"Modlitewnik dla dzieci";0.0000;5.00;1;5;8449;"Droga krzyżowa dla dzieci";0.0000;4.00;1;4;;;;;;;;;;;;;;;;;;;;;;;;;;;;;;;;;;;;;;;;;;;;;;;;;;;;;;;;;;;;;;;;;;;;;;;;;;;;;;;;;;;;;;;;;;;;;;;;;;;;;;;;;;;;;109.90
5544;"2018-05-15 11:17:10";"w trakcie kompletowania";"Kurier InPost";0.00;9788365414069;"Ekskluzywny żebrak, czyli ks. Jan Kaczkowski o tym, co najważniejsze";0.0000;10.00;1;10;9788380430549;"Pakiet dla Dzieci. Biblia i Historia Stworzenia. Komiks.";0.0000;69.00;1;69;9788375699791;"Ślady Stóp. Książka z filmem  DVD";0.0000;25.90;1;25.9;;;;;;;;;;;;;;;;;;;;;;;;;;;;;;;;;;;;;;;;;;;;;;;;;;;;;;;;;;;;;;;;;;;;;;;;;;;;;;;;;;;;;;;;;;;;;;;;;;;;;;;;;;;;;;;;;;;104.90
5545;"2018-05-15 12:03:12";"w trakcie kompletowania";"Kurier InPost";0.00;7676_2;"Biblia dla małżonków. Skóra, okucia, złocenia, etui. Pamiątka Ślubu. Grawer gratis. [ Grawer Gratis.: tak; Drugi grawer (płatny): nie ]";0.0000;195.00;1;195;;;;;;;;;;;;;;;;;;;;;;;;;;;;;;;;;;;;;;;;;;;;;;;;;;;;;;;;;;;;;;;;;;;;;;;;;;;;;;;;;;;;;;;;;;;;;;;;;;;;;;;;;;;;;;;;;;;;;;;;;;;;;;;195.00
5546;"2018-05-15 12:12:52";"w trakcie kompletowania";Paczkomaty;0.00;590722742167;"Anielskie Krówki. Opakowanie 340g - Bombonierka ";0.0000;24.90;3;74.7;5907222742013;"Anielskie Krówki. Opakowanie 135g";0.0000;7.90;2;15.8;590722742143;"Anielskie Krówki. Opakowanie 340g - Bombonierka  komunijna";0.0000;24.90;1;24.9;590722742020;"Anielskie Krówki. Opakowanie 225g";0.0000;12.90;1;12.9;;;;;;;;;;;;;;;;;;;;;;;;;;;;;;;;;;;;;;;;;;;;;;;;;;;;;;;;;;;;;;;;;;;;;;;;;;;;;;;;;;;;;;;;;;;;;;;;;;;;;;;;;;;;;128.30
5547;"2018-05-15 14:04:09";"PRZESYŁKA WYSŁANA";Paczkomaty;8.50;9788380430549;"Pakiet dla Dzieci. Biblia i Historia Stworzenia. Komiks.";0.0000;69.00;1;69;;;;;;;;;;;;;;;;;;;;;;;;;;;;;;;;;;;;;;;;;;;;;;;;;;;;;;;;;;;;;;;;;;;;;;;;;;;;;;;;;;;;;;;;;;;;;;;;;;;;;;;;;;;;;;;;;;;;;;;;;;;;;;;77.50
5548;"2018-05-15 16:36:43";"PRZESYŁKA WYSŁANA";"Kurier DHL";14.00;8490;"Ikona św. Jan Paweł II. Mała";0.0000;65.00;1;65;;;;;;;;;;;;;;;;;;;;;;;;;;;;;;;;;;;;;;;;;;;;;;;;;;;;;;;;;;;;;;;;;;;;;;;;;;;;;;;;;;;;;;;;;;;;;;;;;;;;;;;;;;;;;;;;;;;;;;;;;;;;;;;79.00
5549;"2018-05-15 18:29:05";"PRZESYŁKA WYSŁANA";Paczkomaty;0.00;9291;"Srebrny Obrazek Anioł Stróż z latarenką  - serduszko, średnie";0.0000;79.00;1;79;1310;"Grawer na płytce do obrazków, prezentów, upominków.";0.0000;10.00;1;10;988375691467;"Modlitewnik seniora. Panie, do Ciebie się uciekam";0.0000;19.90;1;19.9;;;;;;;;;;;;;;;;;;;;;;;;;;;;;;;;;;;;;;;;;;;;;;;;;;;;;;;;;;;;;;;;;;;;;;;;;;;;;;;;;;;;;;;;;;;;;;;;;;;;;;;;;;;;;;;;;;;108.90
5550;"2018-05-15 19:26:58";"PRZESYŁKA WYSŁANA";"Kurier DHL";0.00;8493;"Ikona Matka Boska Częstochowska. Mini";0.0000;39.00;10;390;;;;;;;;;;;;;;;;;;;;;;;;;;;;;;;;;;;;;;;;;;;;;;;;;;;;;;;;;;;;;;;;;;;;;;;;;;;;;;;;;;;;;;;;;;;;;;;;;;;;;;;;;;;;;;;;;;;;;;;;;;;;;;;390.00
5551;"2018-05-15 19:56:10";"PRZESYŁKA WYSŁANA";"Kurier InPost";11.00;9788376603209;"Biblia opowiedziana dzieciom";0.0000;26.00;1;26;;;;;;;;;;;;;;;;;;;;;;;;;;;;;;;;;;;;;;;;;;;;;;;;;;;;;;;;;;;;;;;;;;;;;;;;;;;;;;;;;;;;;;;;;;;;;;;;;;;;;;;;;;;;;;;;;;;;;;;;;;;;;;;37.00
5552;"2018-05-15 20:27:54";"PRZESYŁKA WYSŁANA";"Kurier DHL";14.00;9788380430549;"Pakiet dla Dzieci. Biblia i Historia Stworzenia. Komiks.";0.0000;69.00;1;69;;;;;;;;;;;;;;;;;;;;;;;;;;;;;;;;;;;;;;;;;;;;;;;;;;;;;;;;;;;;;;;;;;;;;;;;;;;;;;;;;;;;;;;;;;;;;;;;;;;;;;;;;;;;;;;;;;;;;;;;;;;;;;;83.00
5553;"2018-05-15 21:41:18";"PRZESYŁKA WYSŁANA";"Kurier InPost";11.00;5228;"Obrazek srebrny dla chłopca. Owal.";0.0000;59.00;1;59;;;;;;;;;;;;;;;;;;;;;;;;;;;;;;;;;;;;;;;;;;;;;;;;;;;;;;;;;;;;;;;;;;;;;;;;;;;;;;;;;;;;;;;;;;;;;;;;;;;;;;;;;;;;;;;;;;;;;;;;;;;;;;;70.00
5554;"2018-05-15 22:43:53";"PRZESYŁKA WYSŁANA";"Kurier InPost";0.00;9788380430549;"Pakiet dla Dzieci. Biblia i Historia Stworzenia. Komiks.";0.0000;69.00;1;69;9788365889300;"Sprawa Chrystusa (książka) - Lee Strobel";0.0000;24.90;1;24.9;9788361989929;"Oczami Jezusa. (miękka oprawa) Carver Alan Ames";0.0000;27.90;1;27.9;;;;;;;;;;;;;;;;;;;;;;;;;;;;;;;;;;;;;;;;;;;;;;;;;;;;;;;;;;;;;;;;;;;;;;;;;;;;;;;;;;;;;;;;;;;;;;;;;;;;;;;;;;;;;;;;;;;121.80
5555;"2018-05-15 22:55:44";"PRZESYŁKA WYSŁANA";"Kurier DHL";14.00;9788380430549;"Pakiet dla Dzieci. Biblia i Historia Stworzenia. Komiks.";0.0000;69.00;1;69;;;;;;;;;;;;;;;;;;;;;;;;;;;;;;;;;;;;;;;;;;;;;;;;;;;;;;;;;;;;;;;;;;;;;;;;;;;;;;;;;;;;;;;;;;;;;;;;;;;;;;;;;;;;;;;;;;;;;;;;;;;;;;;83.00
5556;"2018-05-16 03:14:59";"PRZESYŁKA WYSŁANA";"Kurier InPost";9.90;9787;"Pismo Święte ST i NT - mały format, twarda oprawa, paginacja.";0.0000;75.00;1;75;;;;;;;;;;;;;;;;;;;;;;;;;;;;;;;;;;;;;;;;;;;;;;;;;;;;;;;;;;;;;;;;;;;;;;;;;;;;;;;;;;;;;;;;;;;;;;;;;;;;;;;;;;;;;;;;;;;;;;;;;;;;;;;84.90
5557;"2018-05-16 06:49:53";"PRZESYŁKA WYSŁANA";"Kurier InPost";9.90;9788365889386;"Marcelino Chleb i Wino ( Książka + DVD)";0.0000;21.90;1;21.9;;;;;;;;;;;;;;;;;;;;;;;;;;;;;;;;;;;;;;;;;;;;;;;;;;;;;;;;;;;;;;;;;;;;;;;;;;;;;;;;;;;;;;;;;;;;;;;;;;;;;;;;;;;;;;;;;;;;;;;;;;;;;;;31.80
5558;"2018-05-16 08:15:34";"PRZESYŁKA WYSŁANA";"Kurier InPost";9.90;9788380430549;"Pakiet dla Dzieci. Biblia i Historia Stworzenia. Komiks.";0.0000;69.00;1;69;;;;;;;;;;;;;;;;;;;;;;;;;;;;;;;;;;;;;;;;;;;;;;;;;;;;;;;;;;;;;;;;;;;;;;;;;;;;;;;;;;;;;;;;;;;;;;;;;;;;;;;;;;;;;;;;;;;;;;;;;;;;;;;78.90
5559;"2018-05-16 11:53:29";"PRZESYŁKA WYSŁANA";Paczkomaty;8.50;1526;"Pakiet Alicja Lenczewska. Świadectwo. Dziennik Duchowy. Słowo Pouczenia.";0.0000;79.90;1;79.9;9788364774652;"Droga Krzyżowa. Alicja Lenczewska";0.0000;13.90;1;13.9;;;;;;;;;;;;;;;;;;;;;;;;;;;;;;;;;;;;;;;;;;;;;;;;;;;;;;;;;;;;;;;;;;;;;;;;;;;;;;;;;;;;;;;;;;;;;;;;;;;;;;;;;;;;;;;;;;;;;;;;;102.30
5560;"2018-05-16 12:51:56";"PRZESYŁKA WYSŁANA";"Kurier InPost";11.00;9788380430549;"Pakiet dla Dzieci. Biblia i Historia Stworzenia. Komiks.";0.0000;69.00;1;69;;;;;;;;;;;;;;;;;;;;;;;;;;;;;;;;;;;;;;;;;;;;;;;;;;;;;;;;;;;;;;;;;;;;;;;;;;;;;;;;;;;;;;;;;;;;;;;;;;;;;;;;;;;;;;;;;;;;;;;;;;;;;;;80.00
5561;"2018-05-16 13:32:12";"w trakcie kompletowania";Paczkomaty;8.50;5907564022620;"Terminarz  B6 kolorowy - róża. 2018r";0.0000;15.95;1;15.95;;;;;;;;;;;;;;;;;;;;;;;;;;;;;;;;;;;;;;;;;;;;;;;;;;;;;;;;;;;;;;;;;;;;;;;;;;;;;;;;;;;;;;;;;;;;;;;;;;;;;;;;;;;;;;;;;;;;;;;;;;;;;;;24.45
5562;"2018-05-16 13:59:23";"PRZESYŁKA WYSŁANA";"Kurier InPost";0.00;4510-4;"Różaniec bursztyn jasny. Krzyż Papieski. ";0.0000;179.00;1;179;9977;"Bransoletka. Różaniec . Dziesiątka. ";0.0000;5.00;10;50;;;;;;;;;;;;;;;;;;;;;;;;;;;;;;;;;;;;;;;;;;;;;;;;;;;;;;;;;;;;;;;;;;;;;;;;;;;;;;;;;;;;;;;;;;;;;;;;;;;;;;;;;;;;;;;;;;;;;;;;;229.00
5563;"2018-05-16 15:12:08";"PRZESYŁKA WYSŁANA";"Kurier InPost";0.00;4510-4;"Różaniec bursztyn jasny. Krzyż Papieski. ";0.0000;179.00;1;179;;;;;;;;;;;;;;;;;;;;;;;;;;;;;;;;;;;;;;;;;;;;;;;;;;;;;;;;;;;;;;;;;;;;;;;;;;;;;;;;;;;;;;;;;;;;;;;;;;;;;;;;;;;;;;;;;;;;;;;;;;;;;;;179.00
5564;"2018-05-16 16:18:44";"PRZESYŁKA WYSŁANA";Paczkomaty;8.50;6330;"O naśladowaniu Chrystusa. Kempis";0.0000;12.90;1;12.9;;;;;;;;;;;;;;;;;;;;;;;;;;;;;;;;;;;;;;;;;;;;;;;;;;;;;;;;;;;;;;;;;;;;;;;;;;;;;;;;;;;;;;;;;;;;;;;;;;;;;;;;;;;;;;;;;;;;;;;;;;;;;;;21.40
5565;"2018-05-16 16:34:11";"PRZESYŁKA WYSŁANA";"Kurier InPost";9.90;9788377975756_2;"Biblia z kolorową wkładką. Paginowana. Oprawa miękka, bordowa.";0.0000;59.00;1;59;9788364882432;"Jezu, Ty się tym zajmij. Modlitwa pełnego zawierzenia.";0.0000;5.00;1;5;;;;;;;;;;;;;;;;;;;;;;;;;;;;;;;;;;;;;;;;;;;;;;;;;;;;;;;;;;;;;;;;;;;;;;;;;;;;;;;;;;;;;;;;;;;;;;;;;;;;;;;;;;;;;;;;;;;;;;;;;73.90
5566;"2018-05-16 16:56:36";"PRZESYŁKA WYSŁANA";"Kurier InPost";11.00;2117;"Sprawa Chrystusa książka z filmem DVD";0.0000;26.90;1;26.9;9788361989929;"Oczami Jezusa. (miękka oprawa) Carver Alan Ames";0.0000;27.90;1;27.9;9788365847690;"Droga Krzyżowa i Zmartwychwstanie Chrystusa z ks. Dolindo Ruotolo";0.0000;10.50;1;10.5;9788365847997;"Różaniec zawierzenia z księdzem Dolindo. Joanna Bątkiewicz-Brożek";0.0000;8.90;1;8.9;9788364774652;"Droga Krzyżowa. Alicja Lenczewska";0.0000;13.90;1;13.9;;;;;;;;;;;;;;;;;;;;;;;;;;;;;;;;;;;;;;;;;;;;;;;;;;;;;;;;;;;;;;;;;;;;;;;;;;;;;;;;;;;;;;;;;;;;;;;;;;;;;;;99.10
5567;"2018-05-16 17:07:05";"PRZESYŁKA WYSŁANA";"Kurier DHL";14.00;2179;"Pakiet Alicja Lenczewska. Świadectwo. Dziennik Duchowy. Słowo Pouczenia.";0.0000;79.90;2;159.8;9788364774386;"Świadectwo. Dziennik duchowy.  Alicja Lenczewska.";0.0000;0.00;1;0;9788364774447;"Słowo pouczenia.  Alicja Lenczewska. ";0.0000;0.00;1;0;;;;;;;;;;;;;;;;;;;;;;;;;;;;;;;;;;;;;;;;;;;;;;;;;;;;;;;;;;;;;;;;;;;;;;;;;;;;;;;;;;;;;;;;;;;;;;;;;;;;;;;;;;;;;;;;;;;173.80
5568;"2018-05-16 19:33:09";"PRZESYŁKA WYSŁANA";"Kurier InPost";0.00;9085;"Traktat o prawdziwym Nabożeństwie do Najświętszej Maryi Panny. Św. Ludwik Grignon de Montfort";0.0000;12.90;6;77.4;9788365847348;"Jezu, Ty się tym zajmij! o. Dolindo Ruotolo. Życie i cuda. Twarda okładka.";0.0000;34.90;1;34.9;6330;"O naśladowaniu Chrystusa. Kempis";0.0000;12.90;3;38.7;;;;;;;;;;;;;;;;;;;;;;;;;;;;;;;;;;;;;;;;;;;;;;;;;;;;;;;;;;;;;;;;;;;;;;;;;;;;;;;;;;;;;;;;;;;;;;;;;;;;;;;;;;;;;;;;;;;151.00
5569;"2018-05-16 20:11:27";"PRZESYŁKA WYSŁANA";Paczkomaty;8.50;9788380430549;"Pakiet dla Dzieci. Biblia i Historia Stworzenia. Komiks.";0.0000;69.00;1;69;;;;;;;;;;;;;;;;;;;;;;;;;;;;;;;;;;;;;;;;;;;;;;;;;;;;;;;;;;;;;;;;;;;;;;;;;;;;;;;;;;;;;;;;;;;;;;;;;;;;;;;;;;;;;;;;;;;;;;;;;;;;;;;77.50
5570;"2018-05-16 23:07:26";"PRZESYŁKA WYSŁANA";"Kurier InPost";11.00;5900336014755;"Pismo Święte. Pamiątka I Komunii Św.";0.0000;67.00;1;67;;;;;;;;;;;;;;;;;;;;;;;;;;;;;;;;;;;;;;;;;;;;;;;;;;;;;;;;;;;;;;;;;;;;;;;;;;;;;;;;;;;;;;;;;;;;;;;;;;;;;;;;;;;;;;;;;;;;;;;;;;;;;;;78.00
5571;"2018-05-17 00:05:10";"PRZESYŁKA WYSŁANA";"Kurier InPost";11.00;9788380430549;"Pakiet dla Dzieci. Biblia i Historia Stworzenia. Komiks.";0.0000;69.00;1;69;;;;;;;;;;;;;;;;;;;;;;;;;;;;;;;;;;;;;;;;;;;;;;;;;;;;;;;;;;;;;;;;;;;;;;;;;;;;;;;;;;;;;;;;;;;;;;;;;;;;;;;;;;;;;;;;;;;;;;;;;;;;;;;80.00
5572;"2018-05-17 01:31:25";"PRZESYŁKA WYSŁANA";Paczkomaty;8.50;9788365889034;"Pismo Święte dla młodych. ";0.0000;67.90;1;67.9;;;;;;;;;;;;;;;;;;;;;;;;;;;;;;;;;;;;;;;;;;;;;;;;;;;;;;;;;;;;;;;;;;;;;;;;;;;;;;;;;;;;;;;;;;;;;;;;;;;;;;;;;;;;;;;;;;;;;;;;;;;;;;;76.40
5573;"2018-05-17 07:19:06";"Gotowe do odbioru";"odbiór osobisty";0.00;9788380430549;"Pakiet dla Dzieci. Biblia i Historia Stworzenia. Komiks.";0.0000;69.00;1;69;;;;;;;;;;;;;;;;;;;;;;;;;;;;;;;;;;;;;;;;;;;;;;;;;;;;;;;;;;;;;;;;;;;;;;;;;;;;;;;;;;;;;;;;;;;;;;;;;;;;;;;;;;;;;;;;;;;;;;;;;;;;;;;69.00
5574;"2018-05-17 09:01:44";"PRZESYŁKA WYSŁANA";"Kurier InPost";0.00;9788380430549;"Pakiet dla Dzieci. Biblia i Historia Stworzenia. Komiks.";0.0000;69.00;2;138;;;;;;;;;;;;;;;;;;;;;;;;;;;;;;;;;;;;;;;;;;;;;;;;;;;;;;;;;;;;;;;;;;;;;;;;;;;;;;;;;;;;;;;;;;;;;;;;;;;;;;;;;;;;;;;;;;;;;;;;;;;;;;;138.00
5575;"2018-05-17 11:02:39";"PRZESYŁKA WYSŁANA";"InPost Kurier";11.00;9788365889553;"Marcelino Chleb i Wino ( Książka + DVD)";0.0000;21.90;1;21.9;9788376607849;"Pamiątka mojej Pierwszej Komunii Świętej (komplet 2 książek w etui)";0.0000;28.90;1;28.9;5906764089822;"Torba prezentowa. Pierwsza Komunia Święta. Mała";0.0000;4.00;1;4;;;;;;;;;;;;;;;;;;;;;;;;;;;;;;;;;;;;;;;;;;;;;;;;;;;;;;;;;;;;;;;;;;;;;;;;;;;;;;;;;;;;;;;;;;;;;;;;;;;;;;;;;;;;;;;;;;;65.80
5576;"2018-05-17 11:34:31";"w trakcie kompletowania";"Kurier InPost";0.00;4966;"Do Kapłanów, umiłowanych Synów Matki Bożej. ks. Stefano Gobbi";0.0000;44.90;1;44.9;8843;"Ikona Jezus Dobry pasterz. Średnia";0.0000;89.00;1;89;;;;;;;;;;;;;;;;;;;;;;;;;;;;;;;;;;;;;;;;;;;;;;;;;;;;;;;;;;;;;;;;;;;;;;;;;;;;;;;;;;;;;;;;;;;;;;;;;;;;;;;;;;;;;;;;;;;;;;;;;133.90
5577;"2018-05-17 11:36:20";"PRZESYŁKA WYSŁANA";"Kurier DHL";0.00;9788380430549;"Pakiet dla Dzieci. Biblia i Historia Stworzenia. Komiks.";5.0000;69.00;2;131.1;9788375698756;"JEZU, TY SIĘ TYM ZAJMIJ! Modlitwa pełnego zawierzenia";5.0000;7.50;5;35.65;9788364882432;"Jezu, Ty się tym zajmij. Modlitwa pełnego zawierzenia.";5.0000;5.00;5;23.75;;;;;;;;;;;;;;;;;;;;;;;;;;;;;;;;;;;;;;;;;;;;;;;;;;;;;;;;;;;;;;;;;;;;;;;;;;;;;;;;;;;;;;;;;;;;;;;;;;;;;;;;;;;;;;;;;;;190.50
5578;"2018-05-17 13:40:22";"PRZESYŁKA WYSŁANA";Paczkomaty;8.50;10114;"Ikona Twojego patrona - św. Antonina";0.0000;10.00;1;10;5907222742037;"Anielskie Krówki. Opakowanie 400g";0.0000;20.90;1;20.9;;;;;;;;;;;;;;;;;;;;;;;;;;;;;;;;;;;;;;;;;;;;;;;;;;;;;;;;;;;;;;;;;;;;;;;;;;;;;;;;;;;;;;;;;;;;;;;;;;;;;;;;;;;;;;;;;;;;;;;;;39.40
5579;"2018-05-17 13:42:21";"PRZESYŁKA WYSŁANA";"Kurier InPost";11.00;5907564022279;"Pismo Święte Starego i Nowego Testamentu. Pamiątka Pierwszej Komunii Świętej. Wydanie z kolorową wkładką.";0.0000;45.00;1;45;;;;;;;;;;;;;;;;;;;;;;;;;;;;;;;;;;;;;;;;;;;;;;;;;;;;;;;;;;;;;;;;;;;;;;;;;;;;;;;;;;;;;;;;;;;;;;;;;;;;;;;;;;;;;;;;;;;;;;;;;;;;;;;56.00
5580;"2018-05-17 14:11:51";"w trakcie kompletowania";"odbiór osobisty";0.00;101108;"Ikona Twojego patrona - św. Stanisław";0.0000;10.00;1;10;;;;;;;;;;;;;;;;;;;;;;;;;;;;;;;;;;;;;;;;;;;;;;;;;;;;;;;;;;;;;;;;;;;;;;;;;;;;;;;;;;;;;;;;;;;;;;;;;;;;;;;;;;;;;;;;;;;;;;;;;;;;;;;10.00
5581;"2018-05-17 15:38:29";"PRZESYŁKA WYSŁANA";"InPost Kurier";11.00;9788380430549;"Pakiet dla Dzieci. Biblia i Historia Stworzenia. Komiks.";0.0000;69.00;1;69;;;;;;;;;;;;;;;;;;;;;;;;;;;;;;;;;;;;;;;;;;;;;;;;;;;;;;;;;;;;;;;;;;;;;;;;;;;;;;;;;;;;;;;;;;;;;;;;;;;;;;;;;;;;;;;;;;;;;;;;;;;;;;;80.00
5582;"2018-05-17 16:30:00";"PRZESYŁKA WYSŁANA";"Kurier InPost";0.00;1526;"Pakiet Alicja Lenczewska. Świadectwo. Dziennik Duchowy. Słowo Pouczenia.";0.0000;79.90;1;79.9;9788365847676;"Tajemnica światła. Brat Elia od Apostołów Bożych.";0.0000;24.90;1;24.9;9788365847799;"Dekalog. Prawdziwa droga w czasach zamętu. ks. Piotr Glas, Tomasz P. Terlikowski. ";0.0000;20.90;1;20.9;;;;;;;;;;;;;;;;;;;;;;;;;;;;;;;;;;;;;;;;;;;;;;;;;;;;;;;;;;;;;;;;;;;;;;;;;;;;;;;;;;;;;;;;;;;;;;;;;;;;;;;;;;;;;;;;;;;125.70
5583;"2018-05-17 18:58:39";"PRZESYŁKA WYSŁANA";"Kurier InPost";9.90;6330;"O naśladowaniu Chrystusa. Kempis";0.0000;12.90;2;25.8;;;;;;;;;;;;;;;;;;;;;;;;;;;;;;;;;;;;;;;;;;;;;;;;;;;;;;;;;;;;;;;;;;;;;;;;;;;;;;;;;;;;;;;;;;;;;;;;;;;;;;;;;;;;;;;;;;;;;;;;;;;;;;;35.70
5584;"2018-05-17 21:08:37";"PRZESYŁKA WYSŁANA";"Kurier InPost";0.00;9788380430549;"Pakiet dla Dzieci. Biblia i Historia Stworzenia. Komiks.";0.0000;69.00;1;69;2117;"Sprawa Chrystusa książka z filmem DVD";0.0000;26.90;1;26.9;9788391325667;"Biblia dla dzieci / The Children's Bible";0.0000;25.00;1;25;;;;;;;;;;;;;;;;;;;;;;;;;;;;;;;;;;;;;;;;;;;;;;;;;;;;;;;;;;;;;;;;;;;;;;;;;;;;;;;;;;;;;;;;;;;;;;;;;;;;;;;;;;;;;;;;;;;120.90
5585;"2018-05-17 21:50:26";"w trakcie kompletowania";"Kurier InPost";9.90;6707;"Różaniec bursztyn. Krzyż Papieski.";0.0000;44.00;1;44;;;;;;;;;;;;;;;;;;;;;;;;;;;;;;;;;;;;;;;;;;;;;;;;;;;;;;;;;;;;;;;;;;;;;;;;;;;;;;;;;;;;;;;;;;;;;;;;;;;;;;;;;;;;;;;;;;;;;;;;;;;;;;;53.90
5586;"2018-05-17 23:10:24";"PRZESYŁKA WYSŁANA";"Kurier InPost";0.00;9788365889034;"Pismo Święte dla młodych. ";0.0000;67.90;2;135.8;;;;;;;;;;;;;;;;;;;;;;;;;;;;;;;;;;;;;;;;;;;;;;;;;;;;;;;;;;;;;;;;;;;;;;;;;;;;;;;;;;;;;;;;;;;;;;;;;;;;;;;;;;;;;;;;;;;;;;;;;;;;;;;135.80
5587;"2018-05-17 23:57:41";"PRZESYŁKA WYSŁANA";"Kurier InPost";9.90;9788364882432;"Jezu, Ty się tym zajmij. Modlitwa pełnego zawierzenia.";0.0000;5.00;2;10;2117;"Sprawa Chrystusa książka z filmem DVD";0.0000;26.90;1;26.9;;;;;;;;;;;;;;;;;;;;;;;;;;;;;;;;;;;;;;;;;;;;;;;;;;;;;;;;;;;;;;;;;;;;;;;;;;;;;;;;;;;;;;;;;;;;;;;;;;;;;;;;;;;;;;;;;;;;;;;;;46.80
5588;"2018-05-18 09:02:23";"PRZESYŁKA WYSŁANA";Paczkomaty;8.50;9085;"Traktat o prawdziwym Nabożeństwie do Najświętszej Maryi Panny. Św. Ludwik Grignon de Montfort";0.0000;12.90;2;25.8;;;;;;;;;;;;;;;;;;;;;;;;;;;;;;;;;;;;;;;;;;;;;;;;;;;;;;;;;;;;;;;;;;;;;;;;;;;;;;;;;;;;;;;;;;;;;;;;;;;;;;;;;;;;;;;;;;;;;;;;;;;;;;;34.30
5589;"2018-05-18 09:58:42";złożone;Paczkomaty;8.50;9788380432666;"Biblia domowa z obwolutą Pamiątka Sakramentu Małżeństwa (2017)";0.0000;69.00;1;69;;;;;;;;;;;;;;;;;;;;;;;;;;;;;;;;;;;;;;;;;;;;;;;;;;;;;;;;;;;;;;;;;;;;;;;;;;;;;;;;;;;;;;;;;;;;;;;;;;;;;;;;;;;;;;;;;;;;;;;;;;;;;;;77.50
5590;"2018-05-18 12:14:21";"PRZESYŁKA WYSŁANA";"Kurier InPost";11.00;9788376607849;"Pamiątka mojej Pierwszej Komunii Świętej (komplet 2 książek w etui)";0.0000;28.90;1;28.9;;;;;;;;;;;;;;;;;;;;;;;;;;;;;;;;;;;;;;;;;;;;;;;;;;;;;;;;;;;;;;;;;;;;;;;;;;;;;;;;;;;;;;;;;;;;;;;;;;;;;;;;;;;;;;;;;;;;;;;;;;;;;;;39.90
5591;"2018-05-18 13:10:18";"PRZESYŁKA WYSŁANA";"Kurier InPost";0.00;9788370143572_21;"Biblia Tysiąclecia - format oazowy - oprawa skóra ecru - paginowana [ Grawer na przedzie Pisma Świętego: nie; Grawer na tyle Pisma Świętego: tak ]";0.0000;142.00;1;142;;;;;;;;;;;;;;;;;;;;;;;;;;;;;;;;;;;;;;;;;;;;;;;;;;;;;;;;;;;;;;;;;;;;;;;;;;;;;;;;;;;;;;;;;;;;;;;;;;;;;;;;;;;;;;;;;;;;;;;;;;;;;;;142.00
5592;"2018-05-18 14:13:35";"w trakcie kompletowania";"Kurier DHL";0.00;9788362377398;"Jezus z Nazaretu cz.1. Seria Ludzie Boga. (książka z filmem) ";0.0000;25.00;1;25;9788362377435;"Jezus z Nazaretu cz.2. Seria Ludzie Boga. (książka z filmem) ";0.0000;25.00;1;25;5476;"Fatima. 13 dzień. Przesłanie nadziei. Film DVD ";0.0000;29.90;1;29.9;9788364647581(1);"Jezus mówi do dzieci . Opowieści biblijne. Sarah Young  - Pamiątka Pierwszej Komunii  Świętej";0.0000;29.90;1;29.9;9788362377473;"Tajemnica obecności Jezusa. Seria Ludzie Boga. (książka z filmem) ";0.0000;21.50;1;21.5;9788365889041;"Fatima Ostatnia tajemnica. ( książka z filmem DVD ) ";0.0000;26.90;1;26.9;9788362377497;"Św. Paweł z Tarasu. Seria Ludzie Boga. (książka z filmem)";0.0000;25.00;1;25;9788365889034;"Pismo Święte dla młodych. ";0.0000;67.90;1;67.9;PREMIUM_179_KOM10;"Karnet Pamiątka Pierwszej Komunii Świętej  ( 10 )";0.0000;16.00;1;16;10166;"Ikona Twojego patrona - św. Karolina";0.0000;10.00;1;10;;;;;;;;;;;;;;;;;;;;;;;;;;;;;;;;;;;;;;;;;;;;;;;;;;;;;;;;;;;;;;;;;;;;;;;;;277.10
5593;"2018-05-18 15:51:33";"w trakcie kompletowania";"odbiór osobisty";0.00;9788380430549;"Pakiet dla Dzieci. Biblia i Historia Stworzenia. Komiks.";0.0000;69.00;1;69;;;;;;;;;;;;;;;;;;;;;;;;;;;;;;;;;;;;;;;;;;;;;;;;;;;;;;;;;;;;;;;;;;;;;;;;;;;;;;;;;;;;;;;;;;;;;;;;;;;;;;;;;;;;;;;;;;;;;;;;;;;;;;;69.00
5594;"2018-05-18 16:30:23";"PRZESYŁKA WYSŁANA";Paczkomaty;8.50;9788376607849;"Pamiątka mojej Pierwszej Komunii Świętej (komplet 2 książek w etui)";0.0000;28.90;1;28.9;;;;;;;;;;;;;;;;;;;;;;;;;;;;;;;;;;;;;;;;;;;;;;;;;;;;;;;;;;;;;;;;;;;;;;;;;;;;;;;;;;;;;;;;;;;;;;;;;;;;;;;;;;;;;;;;;;;;;;;;;;;;;;;37.40
5595;"2018-05-18 17:08:36";"PRZESYŁKA WYSŁANA";"Kurier InPost";9.90;9788374248594_2;"Mała Biblia dla małych dzieci. Grawer. Pamiątka Chrztu";0.0000;49.00;1;49;;;;;;;;;;;;;;;;;;;;;;;;;;;;;;;;;;;;;;;;;;;;;;;;;;;;;;;;;;;;;;;;;;;;;;;;;;;;;;;;;;;;;;;;;;;;;;;;;;;;;;;;;;;;;;;;;;;;;;;;;;;;;;;58.90
5596;"2018-05-18 23:49:31";"PRZESYŁKA WYSŁANA";"Kurier InPost";9.90;9488;"Zbiór Nowenn. 23 nowenny w jednej książeczce.";0.0000;9.90;3;29.7;;;;;;;;;;;;;;;;;;;;;;;;;;;;;;;;;;;;;;;;;;;;;;;;;;;;;;;;;;;;;;;;;;;;;;;;;;;;;;;;;;;;;;;;;;;;;;;;;;;;;;;;;;;;;;;;;;;;;;;;;;;;;;;39.60
5597;"2018-05-19 05:22:13";"PRZESYŁKA WYSŁANA";"Kurier DHL";18.00;8553;"Ikona Jezus Miłosierny - łuk";0.0000;130.00;1;130;;;;;;;;;;;;;;;;;;;;;;;;;;;;;;;;;;;;;;;;;;;;;;;;;;;;;;;;;;;;;;;;;;;;;;;;;;;;;;;;;;;;;;;;;;;;;;;;;;;;;;;;;;;;;;;;;;;;;;;;;;;;;;;148.00
5598;"2018-05-19 11:09:35";"w trakcie kompletowania";Paczkomaty;0.00;1526;"Pakiet Alicja Lenczewska. Świadectwo. Dziennik Duchowy. Słowo Pouczenia.";0.0000;79.90;1;79.9;3792;"Zerwany kłos - film na DVD o bł. Karolinie Kózkównie";0.0000;22.00;1;22;;;;;;;;;;;;;;;;;;;;;;;;;;;;;;;;;;;;;;;;;;;;;;;;;;;;;;;;;;;;;;;;;;;;;;;;;;;;;;;;;;;;;;;;;;;;;;;;;;;;;;;;;;;;;;;;;;;;;;;;;101.90
5599;"2018-05-19 11:27:06";"PRZESYŁKA WYSŁANA";"Kurier DHL";18.00;6330;"O naśladowaniu Chrystusa. Kempis";0.0000;12.90;1;12.9;;;;;;;;;;;;;;;;;;;;;;;;;;;;;;;;;;;;;;;;;;;;;;;;;;;;;;;;;;;;;;;;;;;;;;;;;;;;;;;;;;;;;;;;;;;;;;;;;;;;;;;;;;;;;;;;;;;;;;;;;;;;;;;30.90
5600;"2018-05-19 19:18:50";"w trakcie kompletowania";Paczkomaty;0.00;1319;"Biblia z kolorową wkładką - oprawa miękka, skóra w kolorze niebieskim. Paginatory. [ Grawer na przedzie Pisma Świętego: nie; Grawer na tyle Pisma Świętego: nie ]";0.0000;120.00;1;120;;;;;;;;;;;;;;;;;;;;;;;;;;;;;;;;;;;;;;;;;;;;;;;;;;;;;;;;;;;;;;;;;;;;;;;;;;;;;;;;;;;;;;;;;;;;;;;;;;;;;;;;;;;;;;;;;;;;;;;;;;;;;;;120.00
5601;"2018-05-19 20:08:23";"PRZESYŁKA WYSŁANA";"Kurier InPost";9.90;4966;"Do Kapłanów, umiłowanych Synów Matki Bożej. ks. Stefano Gobbi";0.0000;44.90;2;89.8;;;;;;;;;;;;;;;;;;;;;;;;;;;;;;;;;;;;;;;;;;;;;;;;;;;;;;;;;;;;;;;;;;;;;;;;;;;;;;;;;;;;;;;;;;;;;;;;;;;;;;;;;;;;;;;;;;;;;;;;;;;;;;;99.70
5602;"2018-05-19 20:53:03";"PRZESYŁKA WYSŁANA";Paczkomaty;8.50;9788380430549;"Pakiet dla Dzieci. Biblia i Historia Stworzenia. Komiks.";0.0000;69.00;1;69;;;;;;;;;;;;;;;;;;;;;;;;;;;;;;;;;;;;;;;;;;;;;;;;;;;;;;;;;;;;;;;;;;;;;;;;;;;;;;;;;;;;;;;;;;;;;;;;;;;;;;;;;;;;;;;;;;;;;;;;;;;;;;;77.50
5603;"2018-05-19 21:15:04";"PRZESYŁKA WYSŁANA";Paczkomaty;10.00;9085;"Traktat o prawdziwym Nabożeństwie do Najświętszej Maryi Panny. Św. Ludwik Grignon de Montfort";0.0000;12.90;1;12.9;;;;;;;;;;;;;;;;;;;;;;;;;;;;;;;;;;;;;;;;;;;;;;;;;;;;;;;;;;;;;;;;;;;;;;;;;;;;;;;;;;;;;;;;;;;;;;;;;;;;;;;;;;;;;;;;;;;;;;;;;;;;;;;22.90
5604;"2018-05-19 21:21:07";"PRZESYŁKA WYSŁANA";Paczkomaty;10.00;2178;"Pamiątka Komunii Świętej komplet książek. Torba,  kartka, film DVD w zestawie.";0.0000;44.90;1;44.9;9788376607849;"Pamiątka mojej Pierwszej Komunii Świętej (komplet 2 książek w etui)";0.0000;0.00;1;0;"HM 100_667_KOM6";"Karnet Pamiątka Pierwszej Komunii Świętej  ( 6 )";0.0000;0.00;1;0;5906764089822;"Torba prezentowa. Pierwsza Komunia Święta. Mała";0.0000;0.00;1;0;;;;;;;;;;;;;;;;;;;;;;;;;;;;;;;;;;;;;;;;;;;;;;;;;;;;;;;;;;;;;;;;;;;;;;;;;;;;;;;;;;;;;;;;;;;;;;;;;;;;;;;;;;;;;54.90
5605;"2018-05-19 21:37:12";"PRZESYŁKA WYSŁANA";Paczkomaty;8.50;6330;"O naśladowaniu Chrystusa. Kempis";0.0000;12.90;1;12.9;;;;;;;;;;;;;;;;;;;;;;;;;;;;;;;;;;;;;;;;;;;;;;;;;;;;;;;;;;;;;;;;;;;;;;;;;;;;;;;;;;;;;;;;;;;;;;;;;;;;;;;;;;;;;;;;;;;;;;;;;;;;;;;21.40
5606;"2018-05-19 22:32:00";"PRZESYŁKA WYSŁANA";Paczkomaty;8.50;9788362207169;"Największy z cudów - slim";0.0000;10.00;1;10;9788380430549;"Pakiet dla Dzieci. Biblia i Historia Stworzenia. Komiks.";0.0000;69.00;1;69;;;;;;;;;;;;;;;;;;;;;;;;;;;;;;;;;;;;;;;;;;;;;;;;;;;;;;;;;;;;;;;;;;;;;;;;;;;;;;;;;;;;;;;;;;;;;;;;;;;;;;;;;;;;;;;;;;;;;;;;;87.50
5607;"2018-05-19 23:34:43";"PRZESYŁKA WYSŁANA";Paczkomaty;8.50;2157;"Dwie Korony. Książka z filmem DVD";0.0000;26.90;1;26.9;;;;;;;;;;;;;;;;;;;;;;;;;;;;;;;;;;;;;;;;;;;;;;;;;;;;;;;;;;;;;;;;;;;;;;;;;;;;;;;;;;;;;;;;;;;;;;;;;;;;;;;;;;;;;;;;;;;;;;;;;;;;;;;35.40
5608;"2018-05-20 11:10:27";"PRZESYŁKA WYSŁANA";"Kurier InPost";11.00;9788380432666;"Biblia domowa z obwolutą Pamiątka Sakramentu Małżeństwa (2017)";0.0000;69.00;1;69;;;;;;;;;;;;;;;;;;;;;;;;;;;;;;;;;;;;;;;;;;;;;;;;;;;;;;;;;;;;;;;;;;;;;;;;;;;;;;;;;;;;;;;;;;;;;;;;;;;;;;;;;;;;;;;;;;;;;;;;;;;;;;;80.00
5609;"2018-05-20 12:50:02";złożone;"Poczta Polska";14.00;2179;"Pakiet Alicja Lenczewska. Świadectwo. Dziennik Duchowy. Słowo Pouczenia.";0.0000;79.90;1;79.9;9788364774386;"Świadectwo. Dziennik duchowy.  Alicja Lenczewska.";0.0000;0.00;1;0;9788364774447;"Słowo pouczenia.  Alicja Lenczewska. ";0.0000;0.00;1;0;;;;;;;;;;;;;;;;;;;;;;;;;;;;;;;;;;;;;;;;;;;;;;;;;;;;;;;;;;;;;;;;;;;;;;;;;;;;;;;;;;;;;;;;;;;;;;;;;;;;;;;;;;;;;;;;;;;93.90
5610;"2018-05-20 15:16:43";"PRZESYŁKA WYSŁANA";"Kurier InPost";0.00;1599;"Kartka Pamiątka Pierwszej Komunii Świętej od Ojca Chrzestnego";0.0000;7.50;1;7.5;5906764089822;"Torba prezentowa. Pierwsza Komunia Święta. Mała";0.0000;4.00;1;4;9788370143572PR;"Biblia Tysiąclecia - format oazowy - oprawa skóra pudrowy róż - paginowana [ Grawer na przedzie Pisma Świętego: nie; Grawer na tyle Pisma Świętego: nie ]";0.0000;130.00;1;130;;;;;;;;;;;;;;;;;;;;;;;;;;;;;;;;;;;;;;;;;;;;;;;;;;;;;;;;;;;;;;;;;;;;;;;;;;;;;;;;;;;;;;;;;;;;;;;;;;;;;;;;;;;;;;;;;;;141.50
5611;"2018-05-20 16:31:37";"PRZESYŁKA WYSŁANA";Paczkomaty;8.50;9164;"Jezus z Nazarethu. Brandstaetter.";0.0000;45.00;1;45;;;;;;;;;;;;;;;;;;;;;;;;;;;;;;;;;;;;;;;;;;;;;;;;;;;;;;;;;;;;;;;;;;;;;;;;;;;;;;;;;;;;;;;;;;;;;;;;;;;;;;;;;;;;;;;;;;;;;;;;;;;;;;;53.50
5612;"2018-05-20 21:06:27";"PRZESYŁKA WYSŁANA";Paczkomaty;0.00;1321;"Biblia z kolorową wkładką - oprawa miękka, skóra w kolorze bordowym. Paginatory.  [ Grawer na przedzie Pisma Świętego: tak; Grawer na tyle Pisma Świętego: nie ]";0.0000;132.00;2;264;;;;;;;;;;;;;;;;;;;;;;;;;;;;;;;;;;;;;;;;;;;;;;;;;;;;;;;;;;;;;;;;;;;;;;;;;;;;;;;;;;;;;;;;;;;;;;;;;;;;;;;;;;;;;;;;;;;;;;;;;;;;;;;264.00
5613;"2018-05-20 21:24:04";"w trakcie kompletowania";Paczkomaty;0.00;7676_2;"Biblia dla małżonków. Skóra, okucia, złocenia, etui. Pamiątka Ślubu. Grawer gratis. [ Grawer Gratis.: tak; Drugi grawer (płatny): nie ]";0.0000;195.00;1;195;;;;;;;;;;;;;;;;;;;;;;;;;;;;;;;;;;;;;;;;;;;;;;;;;;;;;;;;;;;;;;;;;;;;;;;;;;;;;;;;;;;;;;;;;;;;;;;;;;;;;;;;;;;;;;;;;;;;;;;;;;;;;;;195.00
5614;"2018-05-20 21:33:25";"PRZESYŁKA WYSŁANA";Paczkomaty;8.50;9788365349521;"Jezu, Ty się tym zajmij! o. Dolindo Ruotolo. Życie i cuda";0.0000;20.90;1;20.9;;;;;;;;;;;;;;;;;;;;;;;;;;;;;;;;;;;;;;;;;;;;;;;;;;;;;;;;;;;;;;;;;;;;;;;;;;;;;;;;;;;;;;;;;;;;;;;;;;;;;;;;;;;;;;;;;;;;;;;;;;;;;;;29.40
5615;"2018-05-20 21:56:26";"PRZESYŁKA WYSŁANA";Paczkomaty;0.00;15071;"Biblia z kolorową wkładką - oprawa miękka, skóra w kolorze ecru. Paginatory. [ Grawer na przedzie Pisma Świętego: tak; Grawer na tyle Pisma Świętego: nie ]";0.0000;132.00;1;132;;;;;;;;;;;;;;;;;;;;;;;;;;;;;;;;;;;;;;;;;;;;;;;;;;;;;;;;;;;;;;;;;;;;;;;;;;;;;;;;;;;;;;;;;;;;;;;;;;;;;;;;;;;;;;;;;;;;;;;;;;;;;;;132.00
5616;"2018-05-20 22:22:19";"w trakcie kompletowania";"Kurier InPost";9.90;9788380430549;"Pakiet dla Dzieci. Biblia i Historia Stworzenia. Komiks.";0.0000;69.00;1;69;;;;;;;;;;;;;;;;;;;;;;;;;;;;;;;;;;;;;;;;;;;;;;;;;;;;;;;;;;;;;;;;;;;;;;;;;;;;;;;;;;;;;;;;;;;;;;;;;;;;;;;;;;;;;;;;;;;;;;;;;;;;;;;78.90
5617;"2018-05-20 23:32:19";"PRZESYŁKA WYSŁANA";"Kurier InPost";9.90;2178;"Pamiątka Komunii Świętej komplet książek. Torba,  kartka, film DVD w zestawie.";0.0000;44.90;1;44.9;9788376607849;"Pamiątka mojej Pierwszej Komunii Świętej (komplet 2 książek w etui)";0.0000;0.00;1;0;"HM 100_667_KOM6";"Karnet Pamiątka Pierwszej Komunii Świętej  ( 6 )";0.0000;0.00;1;0;5906764089822;"Torba prezentowa. Pierwsza Komunia Święta. Mała";0.0000;0.00;1;0;;;;;;;;;;;;;;;;;;;;;;;;;;;;;;;;;;;;;;;;;;;;;;;;;;;;;;;;;;;;;;;;;;;;;;;;;;;;;;;;;;;;;;;;;;;;;;;;;;;;;;;;;;;;;54.80
5618;"2018-05-21 07:47:09";"PRZESYŁKA WYSŁANA";"Kurier InPost";11.00;9788362579242;"Przygotowanie do śmierci. św. Alfons Maria de Liguori";0.0000;35.00;1;35;;;;;;;;;;;;;;;;;;;;;;;;;;;;;;;;;;;;;;;;;;;;;;;;;;;;;;;;;;;;;;;;;;;;;;;;;;;;;;;;;;;;;;;;;;;;;;;;;;;;;;;;;;;;;;;;;;;;;;;;;;;;;;;46.00
5619;"2018-05-21 08:44:07";"w trakcie kompletowania";Paczkomaty;8.50;11226;"Pakiet Dla Niej. Projekt Judyta + Projekt Estera";0.0000;55.00;1;55;;;;;;;;;;;;;;;;;;;;;;;;;;;;;;;;;;;;;;;;;;;;;;;;;;;;;;;;;;;;;;;;;;;;;;;;;;;;;;;;;;;;;;;;;;;;;;;;;;;;;;;;;;;;;;;;;;;;;;;;;;;;;;;63.50
5620;"2018-05-21 10:53:07";"PRZESYŁKA WYSŁANA";"Kurier InPost";11.00;9788380430549;"Pakiet dla Dzieci. Biblia i Historia Stworzenia. Komiks.";0.0000;69.00;1;69;;;;;;;;;;;;;;;;;;;;;;;;;;;;;;;;;;;;;;;;;;;;;;;;;;;;;;;;;;;;;;;;;;;;;;;;;;;;;;;;;;;;;;;;;;;;;;;;;;;;;;;;;;;;;;;;;;;;;;;;;;;;;;;80.00
5622;"2018-05-21 12:06:23";"w trakcie kompletowania";"Kurier DHL";18.00;9788375959376;"Pakiet. Klasyka Duchowości - komplet 5 tomów.";0.0000;59.00;1;59;3377;"Pamiątka Sakramentu Bierzmowania - Karnet ręcznie robiony  ( 01 )";0.0000;7.50;7;52.5;6330;"O naśladowaniu Chrystusa. Kempis";0.0000;12.90;1;12.9;;;;;;;;;;;;;;;;;;;;;;;;;;;;;;;;;;;;;;;;;;;;;;;;;;;;;;;;;;;;;;;;;;;;;;;;;;;;;;;;;;;;;;;;;;;;;;;;;;;;;;;;;;;;;;;;;;;142.40
5623;"2018-05-21 17:03:43";"w trakcie kompletowania";"Kurier DHL";14.00;9788380430549;"Pakiet dla Dzieci. Biblia i Historia Stworzenia. Komiks.";0.0000;69.00;1;69;;;;;;;;;;;;;;;;;;;;;;;;;;;;;;;;;;;;;;;;;;;;;;;;;;;;;;;;;;;;;;;;;;;;;;;;;;;;;;;;;;;;;;;;;;;;;;;;;;;;;;;;;;;;;;;;;;;;;;;;;;;;;;;83.00
5624;"2018-05-21 19:14:44";"oczekiwanie na płatność";"odbiór osobisty";0.00;9788378299929;"Biblia pierwszego Kościoła eko-skóra. Szara z paginatorami. Na zamek.";10.0000;149.90;1;134.91;;;;;;;;;;;;;;;;;;;;;;;;;;;;;;;;;;;;;;;;;;;;;;;;;;;;;;;;;;;;;;;;;;;;;;;;;;;;;;;;;;;;;;;;;;;;;;;;;;;;;;;;;;;;;;;;;;;;;;;;;;;;;;;134.91
5625;"2018-05-21 21:50:39";"w trakcie kompletowania";"Kurier InPost";9.90;9788380210547;"Zaczyna się bitwa. Historia stworzenia - Biblia komiks";0.0000;14.90;1;14.9;;;;;;;;;;;;;;;;;;;;;;;;;;;;;;;;;;;;;;;;;;;;;;;;;;;;;;;;;;;;;;;;;;;;;;;;;;;;;;;;;;;;;;;;;;;;;;;;;;;;;;;;;;;;;;;;;;;;;;;;;;;;;;;24.80
5626;"2018-05-21 22:05:56";"w trakcie kompletowania";Paczkomaty;8.50;6330;"O naśladowaniu Chrystusa. Kempis";0.0000;12.90;1;12.9;;;;;;;;;;;;;;;;;;;;;;;;;;;;;;;;;;;;;;;;;;;;;;;;;;;;;;;;;;;;;;;;;;;;;;;;;;;;;;;;;;;;;;;;;;;;;;;;;;;;;;;;;;;;;;;;;;;;;;;;;;;;;;;21.40
5627;"2018-05-21 22:23:43";"w trakcie kompletowania";Paczkomaty;8.50;6330;"O naśladowaniu Chrystusa. Kempis";0.0000;12.90;1;12.9;9788364882432;"Jezu, Ty się tym zajmij. Modlitwa pełnego zawierzenia.";0.0000;5.00;1;5;9788364451676;"Umiłowanie Jezusa Chrystusa w życiu codziennym (oprawa miękka) św. Alfons Liguori";0.0000;27.00;1;27;9788377976876;" Rodzina oczami egzorcysty.";0.0000;12.95;1;12.95;;;;;;;;;;;;;;;;;;;;;;;;;;;;;;;;;;;;;;;;;;;;;;;;;;;;;;;;;;;;;;;;;;;;;;;;;;;;;;;;;;;;;;;;;;;;;;;;;;;;;;;;;;;;;66.35
5628;"2018-05-21 23:12:44";"w trakcie kompletowania";"Kurier InPost";9.90;9788365889553;"Marcelino Chleb i Wino ( Książka + DVD)";0.0000;21.90;1;21.9;;;;;;;;;;;;;;;;;;;;;;;;;;;;;;;;;;;;;;;;;;;;;;;;;;;;;;;;;;;;;;;;;;;;;;;;;;;;;;;;;;;;;;;;;;;;;;;;;;;;;;;;;;;;;;;;;;;;;;;;;;;;;;;31.80
5629;"2018-05-22 08:17:32";"w trakcie kompletowania";"Kurier DHL";18.00;4966;"Do Kapłanów, umiłowanych Synów Matki Bożej. ks. Stefano Gobbi";0.0000;44.90;4;179.6;;;;;;;;;;;;;;;;;;;;;;;;;;;;;;;;;;;;;;;;;;;;;;;;;;;;;;;;;;;;;;;;;;;;;;;;;;;;;;;;;;;;;;;;;;;;;;;;;;;;;;;;;;;;;;;;;;;;;;;;;;;;;;;197.60
5630;"2018-05-22 09:09:07";złożone;Paczkomaty;8.50;6330;"O naśladowaniu Chrystusa. Kempis";0.0000;12.90;3;38.7;;;;;;;;;;;;;;;;;;;;;;;;;;;;;;;;;;;;;;;;;;;;;;;;;;;;;;;;;;;;;;;;;;;;;;;;;;;;;;;;;;;;;;;;;;;;;;;;;;;;;;;;;;;;;;;;;;;;;;;;;;;;;;;47.20
